Workbook

Sheet responses
A1: ID | B1: Profile | C1: Q1 | D1: Q2 | E1: Q3 | F1: Q4 | G1: Q5 | H1: Q6 | I1: Q7 | J1: Q8 | K1: Q9 | L1: Q10 | M1: SUS Score
A2: 1 | B2: SE/ML | C2: 4 | D2: 1 | E2: 5 | F2: 2 | G2: 4 | H2: 1 | I2: 5 | J2: 1 | K2: 4 | L2: 2 | M2: =2.5*((C2+E2+G2+I2+K2)-(D2+F2+H2+J2+L2)+20) -> 87.5
A3: 2 | B3: SE/ML | C3: 4 | D3: 2 | E3: 5 | F3: 2 | G3: 4 | H3: 2 | I3: 5 | J3: 2 | K3: 4 | L3: 2 | M3: =2.5*((C3+E3+G3+I3+K3)-(D3+F3+H3+J3+L3)+20) -> 80
A4: 3 | B4: No programming | C4: 4 | D4: 1 | E4: 5 | F4: 1 | G4: 5 | H4: 1 | I4: 5 | J4: 1 | K4: 4 | L4: 2 | M4: =2.5*((C4+E4+G4+I4+K4)-(D4+F4+H4+J4+L4)+20) -> 92.5
A5: 4 | B5: SE/ML | C5: 5 | D5: 2 | E5: 5 | F5: 3 | G5: 5 | H5: 2 | I5: 5 | J5: 2 | K5: 4 | L5: 2 | M5: =2.5*((C5+E5+G5+I5+K5)-(D5+F5+H5+J5+L5)+20) -> 82.5
A6: 5 | B6: No programming | C6: 4 | D6: 1 | E6: 5 | F6: 2 | G6: 5 | H6: 2 | I6: 4 | J6: 1 | K6: 4 | L6: 2 | M6: =2.5*((C6+E6+G6+I6+K6)-(D6+F6+H6+J6+L6)+20) -> 85
A7: 6 | B7: No programming | C7: 4 | D7: 2 | E7: 5 | F7: 2 | G7: 4 | H7: 1 | I7: 4 | J7: 2 | K7: 5 | L7: 2 | M7: =2.5*((C7+E7+G7+I7+K7)-(D7+F7+H7+J7+L7)+20) -> 82.5
A8: 7 | B8: No programming | C8: 4 | D8: 1 | E8: 5 | F8: 1 | G8: 4 | H8: 1 | I8: 5 | J8: 2 | K8: 5 | L8: 2 | M8: =2.5*((C8+E8+G8+I8+K8)-(D8+F8+H8+J8+L8)+20) -> 90
A9: 8 | B9: SE/ML | C9: 5 | D9: 2 | E9: 5 | F9: 3 | G9: 4 | H9: 1 | I9: 4 | J9: 2 | K9: 4 | L9: 3 | M9: =2.5*((C9+E9+G9+I9+K9)-(D9+F9+H9+J9+L9)+20) -> 77.5
A10: 9 | B10: SE/ML | C10: 5 | D10: 1 | E10: 5 | F10: 2 | G10: 4 | H10: 2 | I10: 4 | J10: 2 | K10: 5 | L10: 2 | M10: =2.5*((C10+E10+G10+I10+K10)-(D10+F10+H10+J10+L10)+20) -> 85
A11: 10 | B11: SE/ML | C11: 4 | D11: 2 | E11: 5 | F11: 2 | G11: 4 | H11: 2 | I11: 4 | J11: 2 | K11: 4 | L11: 1 | M11: =2.5*((C11+E11+G11+I11+K11)-(D11+F11+H11+J11+L11)+20) -> 80 | O11: `
A12: 11 | B12: SE/ML | C12: 5 | D12: 1 | E12: 5 | F12: 2 | G12: 5 | H12: 1 | I12: 4 | J12: 2 | K12: 4 | L12: 2 | M12: =2.5*((C12+E12+G12+I12+K12)-(D12+F12+H12+J12+L12)+20) -> 87.5
A13: 12 | B13: No programming | C13: 4 | D13: 2 | E13: 5 | F13: 2 | G13: 4 | H13: 2 | I13: 5 | J13: 1 | K13: 4 | L13: 2 | M13: =2.5*((C13+E13+G13+I13+K13)-(D13+F13+H13+J13+L13)+20) -> 82.5
C14: =AVERAGE(C2:C13) -> 4.3333333 | D14: =AVERAGE(D2:D13) -> 1.5 | E14: =AVERAGE(E2:E13) -> 5 | F14: =AVERAGE(F2:F13) -> 2 | G14: =AVERAGE(G2:G13) -> 4.3333333 | H14: =AVERAGE(H2:H13) -> 1.5 | I14: =AVERAGE(I2:I13) -> 4.5 | J14: =AVERAGE(J2:J13) -> 1.6666667 | ... M14: =AVERAGE(M2:M13) -> 84.375

Sheet recap
A1: N participant | B1: =COUNT(responses!M2:M13) -> 12
A2: Mean SUS score | B2: =AVERAGE(responses!M2:M13) -> 84.375
A3: Standard deviation | B3: =STDEV(responses!M2:M13) -> 4.4113748
A4: Median | B4: =MEDIAN(responses!M2:M13) -> 83.75
A5: Minimum | B5: =MIN(responses!M2:M13) -> 77.5
A6: Maximum | B6: =MAX(responses!M2:M13) -> 92.5
A7: Mean SUS (SE/ML) | B7: =AVERAGEIF(responses!B2:B13,"SE/ML",responses!M2:M13) -> 82.857143
A8: Mean SUS (No programming) | B8: =AVERAGEIF(responses!B2:B13,"No programming",responses!M2:M13) -> 86.5
A10: Grade (CGS) | B10: A+
